<?xml version="1.0"?>
<vizmap documentVersion="3.0" id="VizMap-2013_09_02-17_06">
 <visualStyle name="SetRank">
  <network>
   <visualProperty name="NETWORK_BACKGROUND_PAINT" default="#eeeeee"/>
   <visualProperty name="NETWORK_CENTER_X_LOCATION" default="0.0"/>
   <visualProperty name="NETWORK_CENTER_Y_LOCATION" default="0.0"/>
   <visualProperty name="NETWORK_CENTER_Z_LOCATION" default="0.0"/>
   <visualProperty name="NETWORK_DEPTH" default="0.0"/>
   <visualProperty name="NETWORK_EDGE_SELECTION" default="true"/>
   <visualProperty name="NETWORK_HEIGHT" default="400.0"/>
   <visualProperty name="NETWORK_NODE_SELECTION" default="true"/>
   <visualProperty name="NETWORK_SCALE_FACTOR" default="1.0"/>
   <visualProperty name="NETWORK_SIZE" default="550.0"/>
   <visualProperty name="NETWORK_TITLE" default=""/>
   <visualProperty name="NETWORK_WIDTH" default="550.0"/>
  </network>
  <node>
   <dependency name="nodeCustomGraphicsSizeSync" value="true"/>
   <dependency name="nodeSizeLocked" value="true"/>
   <visualProperty name="NODE_BORDER_PAINT" default="#333333">
    <continuousMapping attributeType="float" attributeName="setRank">
     <continuousMappingPoint lesserValue="#000000" equalValue="#cccccc" greaterValue="#cccccc" attrValue="0.000934735153437186"/>
     <continuousMappingPoint lesserValue="#cc0000" equalValue="#cc0000" greaterValue="#FF0000" attrValue="0.0118186018203351"/>
    </continuousMapping>
   </visualProperty>
   <visualProperty name="NODE_BORDER_STROKE" default="SOLID"/>
   <visualProperty name="NODE_BORDER_TRANSPARENCY" default="255"/>
   <visualProperty name="NODE_BORDER_WIDTH" default="5.0"/>
   <visualProperty name="NODE_CUSTOMGRAPHICS_1" default="org.cytoscape.ding.customgraphics.NullCustomGraphics,0,[ Remove Graphics ],"/>
   <visualProperty name="NODE_CUSTOMGRAPHICS_2" default="org.cytoscape.ding.customgraphics.NullCustomGraphics,0,[ Remove Graphics ],"/>
   <visualProperty name="NODE_CUSTOMGRAPHICS_3" default="org.cytoscape.ding.customgraphics.NullCustomGraphics,0,[ Remove Graphics ],"/>
   <visualProperty name="NODE_CUSTOMGRAPHICS_4" default="org.cytoscape.ding.customgraphics.NullCustomGraphics,0,[ Remove Graphics ],"/>
   <visualProperty name="NODE_CUSTOMGRAPHICS_5" default="org.cytoscape.ding.customgraphics.NullCustomGraphics,0,[ Remove Graphics ],"/>
   <visualProperty name="NODE_CUSTOMGRAPHICS_6" default="org.cytoscape.ding.customgraphics.NullCustomGraphics,0,[ Remove Graphics ],"/>
   <visualProperty name="NODE_CUSTOMGRAPHICS_7" default="org.cytoscape.ding.customgraphics.NullCustomGraphics,0,[ Remove Graphics ],"/>
   <visualProperty name="NODE_CUSTOMGRAPHICS_8" default="org.cytoscape.ding.customgraphics.NullCustomGraphics,0,[ Remove Graphics ],"/>
   <visualProperty name="NODE_CUSTOMGRAPHICS_9" default="org.cytoscape.ding.customgraphics.NullCustomGraphics,0,[ Remove Graphics ],"/>
   <visualProperty name="NODE_CUSTOMGRAPHICS_POSITION_1" default="C,C,c,0.00,0.00"/>
   <visualProperty name="NODE_CUSTOMGRAPHICS_POSITION_2" default="C,C,c,0.00,0.00"/>
   <visualProperty name="NODE_CUSTOMGRAPHICS_POSITION_3" default="C,C,c,0.00,0.00"/>
   <visualProperty name="NODE_CUSTOMGRAPHICS_POSITION_4" default="C,C,c,0.00,0.00"/>
   <visualProperty name="NODE_CUSTOMGRAPHICS_POSITION_5" default="C,C,c,0.00,0.00"/>
   <visualProperty name="NODE_CUSTOMGRAPHICS_POSITION_6" default="C,C,c,0.00,0.00"/>
   <visualProperty name="NODE_CUSTOMGRAPHICS_POSITION_7" default="C,C,c,0.00,0.00"/>
   <visualProperty name="NODE_CUSTOMGRAPHICS_POSITION_8" default="C,C,c,0.00,0.00"/>
   <visualProperty name="NODE_CUSTOMGRAPHICS_POSITION_9" default="C,C,c,0.00,0.00"/>
   <visualProperty name="NODE_CUSTOMGRAPHICS_SIZE_1" default="50.0"/>
   <visualProperty name="NODE_CUSTOMGRAPHICS_SIZE_2" default="50.0"/>
   <visualProperty name="NODE_CUSTOMGRAPHICS_SIZE_3" default="50.0"/>
   <visualProperty name="NODE_CUSTOMGRAPHICS_SIZE_4" default="50.0"/>
   <visualProperty name="NODE_CUSTOMGRAPHICS_SIZE_5" default="50.0"/>
   <visualProperty name="NODE_CUSTOMGRAPHICS_SIZE_6" default="50.0"/>
   <visualProperty name="NODE_CUSTOMGRAPHICS_SIZE_7" default="50.0"/>
   <visualProperty name="NODE_CUSTOMGRAPHICS_SIZE_8" default="50.0"/>
   <visualProperty name="NODE_CUSTOMGRAPHICS_SIZE_9" default="50.0"/>
   <visualProperty name="NODE_CUSTOMPAINT_1" default="DefaultVisualizableVisualProperty(id=NODE_CUSTOMPAINT_1, name=Node Custom Paint 1)"/>
   <visualProperty name="NODE_CUSTOMPAINT_2" default="DefaultVisualizableVisualProperty(id=NODE_CUSTOMPAINT_2, name=Node Custom Paint 2)"/>
   <visualProperty name="NODE_CUSTOMPAINT_3" default="DefaultVisualizableVisualProperty(id=NODE_CUSTOMPAINT_3, name=Node Custom Paint 3)"/>
   <visualProperty name="NODE_CUSTOMPAINT_4" default="DefaultVisualizableVisualProperty(id=NODE_CUSTOMPAINT_4, name=Node Custom Paint 4)"/>
   <visualProperty name="NODE_CUSTOMPAINT_5" default="DefaultVisualizableVisualProperty(id=NODE_CUSTOMPAINT_5, name=Node Custom Paint 5)"/>
   <visualProperty name="NODE_CUSTOMPAINT_6" default="DefaultVisualizableVisualProperty(id=NODE_CUSTOMPAINT_6, name=Node Custom Paint 6)"/>
   <visualProperty name="NODE_CUSTOMPAINT_7" default="DefaultVisualizableVisualProperty(id=NODE_CUSTOMPAINT_7, name=Node Custom Paint 7)"/>
   <visualProperty name="NODE_CUSTOMPAINT_8" default="DefaultVisualizableVisualProperty(id=NODE_CUSTOMPAINT_8, name=Node Custom Paint 8)"/>
   <visualProperty name="NODE_CUSTOMPAINT_9" default="DefaultVisualizableVisualProperty(id=NODE_CUSTOMPAINT_9, name=Node Custom Paint 9)"/>
   <visualProperty name="NODE_DEPTH" default="0.0"/>
   <visualProperty name="NODE_FILL_COLOR" default="#ffffff">
    <continuousMapping attributeType="float" attributeName="pp">
     <continuousMappingPoint lesserValue="#000000" equalValue="#009999" greaterValue="#009999" attrValue="1.30102999566398"/>
     <continuousMappingPoint lesserValue="#990099" equalValue="#990099" greaterValue="#990099" attrValue="0.178672904928066"/>
     <continuousMappingPoint lesserValue="#cc0000" equalValue="#cc0000" greaterValue="#cc0000" attrValue="1.56871262154461"/>
    </continuousMapping>
   </visualProperty>
   <visualProperty name="NODE_HEIGHT" default="50.0"/>
   <visualProperty name="NODE_LABEL_COLOR" default="#b4b400"/>
   <visualProperty name="NODE_LABEL" default="">
    <passthroughMapping attributeType="string" attributeName="description"/>
   </visualProperty>
   <visualProperty name="NODE_LABEL_FONT_FACE" default="SansSerif.plain,plain,12"/>
   <visualProperty name="NODE_LABEL_FONT_SIZE" default="12"/>
   <visualProperty name="NODE_LABEL_POSITION" default="C,C,c,0.00,0.00"/>
   <visualProperty name="NODE_LABEL_TRANSPARENCY" default="255"/>
   <visualProperty name="NODE_LABEL_WIDTH" default="150.0"/>
   <visualProperty name="NODE_NESTED_NETWORK_IMAGE_VISIBLE" default="true"/>
   <visualProperty name="NODE_PAINT" default="#787878"/>
   <visualProperty name="NODE_SELECTED" default="false"/>
   <visualProperty name="NODE_SELECTED_PAINT" default="#ff0066"/>
   <visualProperty name="NODE_SHAPE" default="ELLIPSE"/>
   <visualProperty name="NODE_SIZE" default="50.0">
    <continuousMapping attributeType="float" attributeName="size">
     <continuousMappingPoint lesserValue="8" equalValue="8" greaterValue="8" attrValue="0"/>
     <continuousMappingPoint lesserValue="120" equalValue="120" greaterValue="120" attrValue="0"/>
     <continuousMappingPoint lesserValue="200" equalValue="200" greaterValue="200" attrValue="0"/>
    </continuousMapping>
   </visualProperty>
   <visualProperty name="NODE_TOOLTIP" default="">
    <passthroughMapping attributeType="string" attributeName="name"/>
   </visualProperty>
   <visualProperty name="NODE_TRANSPARENCY" default="255"/>
   <visualProperty name="NODE_VISIBLE" default="true"/>
   <visualProperty name="NODE_WIDTH" default="50.0"/>
   <visualProperty name="NODE_X_LOCATION" default="0.0"/>
   <visualProperty name="NODE_Y_LOCATION" default="0.0"/>
   <visualProperty name="NODE_Z_LOCATION" default="0.0"/>
  </node>
  <edge>
   <dependency name="arrowColorMatchesEdge" value="false"/>
   <visualProperty name="EDGE_BEND" default=""/>
   <visualProperty name="EDGE_CURVED" default="true"/>
   <visualProperty name="EDGE_LABEL_COLOR" default="#000000"/>
   <visualProperty name="EDGE_LABEL" default="">
    <passthroughMapping attributeType="string" attributeName="interaction"/>
   </visualProperty>
   <visualProperty name="EDGE_LABEL_FONT_FACE" default="SansSerif.plain,plain,10"/>
   <visualProperty name="EDGE_LABEL_FONT_SIZE" default="12"/>
   <visualProperty name="EDGE_LABEL_TRANSPARENCY" default="0"/>
   <visualProperty name="EDGE_LINE_TYPE" default="SOLID">
    <discreteMapping attributeType="string" attributeName="type">
     <discreteMappingEntry value="SEPARATE_ARROW" attributeValue="subset"/>
     <discreteMappingEntry value="PARALLEL_LINES" attributeValue="intersection"/>
     <discreteMappingEntry value="SOLID" attributeValue="overlap"/>
    </discreteMapping>
   </visualProperty>
   <visualProperty name="EDGE_PAINT" default="#808080"/>
   <visualProperty name="EDGE_SELECTED" default="false"/>
   <visualProperty name="EDGE_SELECTED_PAINT" default="#ff0000"/>
   <visualProperty name="EDGE_SOURCE_ARROW_SELECTED_PAINT" default="#ffff00"/>
   <visualProperty name="EDGE_SOURCE_ARROW_SHAPE" default="NONE">
    <discreteMapping attributeType="string" attributeName="type">
     <discreteMappingEntry value="NONE" attributeValue="subset"/>
     <discreteMappingEntry value="T" attributeValue="intersection"/>
     <discreteMappingEntry value="CIRCLE" attributeValue="overlap"/>
    </discreteMapping>
   </visualProperty>
   <visualProperty name="EDGE_SOURCE_ARROW_UNSELECTED_PAINT" default="#000000">
    <continuousMapping attributeType="float" attributeName="sourceppDiff">
     <continuousMappingPoint lesserValue="#000000" equalValue="#009999" greaterValue="#009999" attrValue="1.30102999566398"/>
     <continuousMappingPoint lesserValue="#990099" equalValue="#990099" greaterValue="#990099" attrValue="0.178672904928066"/>
     <continuousMappingPoint lesserValue="#cc0000" equalValue="#cc0000" greaterValue="#cc0000" attrValue="1.56871262154461"/>
    </continuousMapping>
   </visualProperty>
   <visualProperty name="EDGE_STROKE_SELECTED_PAINT" default="#ff0000"/>
   <visualProperty name="EDGE_STROKE_UNSELECTED_PAINT" default="#333333">
    <continuousMapping attributeType="float" attributeName="ppIntersection">
     <continuousMappingPoint lesserValue="#000000" equalValue="#009999" greaterValue="#009999" attrValue="1.30102999566398"/>
     <continuousMappingPoint lesserValue="#990099" equalValue="#990099" greaterValue="#990099" attrValue="0.178672904928066"/>
     <continuousMappingPoint lesserValue="#cc0000" equalValue="#cc0000" greaterValue="#cc0000" attrValue="1.56871262154461"/>
    </continuousMapping>
   </visualProperty>
   <visualProperty name="EDGE_TARGET_ARROW_SELECTED_PAINT" default="#ffff00"/>
   <visualProperty name="EDGE_TARGET_ARROW_SHAPE" default="ARROW">
    <discreteMapping attributeType="string" attributeName="type">
     <discreteMappingEntry value="NONE" attributeValue="subset"/>
     <discreteMappingEntry value="T" attributeValue="intersection"/>
     <discreteMappingEntry value="ARROW" attributeValue="overlap"/>
    </discreteMapping>
   </visualProperty>
   <visualProperty name="EDGE_TARGET_ARROW_UNSELECTED_PAINT" default="#333333">
    <continuousMapping attributeType="float" attributeName="sinkppDiff">
     <continuousMappingPoint lesserValue="#000000" equalValue="#009999" greaterValue="#009999" attrValue="1.30102999566398"/>
     <continuousMappingPoint lesserValue="#990099" equalValue="#990099" greaterValue="#990099" attrValue="0.178672904928066"/>
     <continuousMappingPoint lesserValue="#cc0000" equalValue="#cc0000" greaterValue="#cc0000" attrValue="1.56871262154461"/>
    </continuousMapping>
   </visualProperty>
   <visualProperty name="EDGE_TOOLTIP" default=""/>
   <visualProperty name="EDGE_TRANSPARENCY" default="255">
    <continuousMapping attributeType="float" attributeName="deltaP">
     <continuousMappingPoint lesserValue="112" equalValue="112" greaterValue="112" attrValue="0"/>
     <continuousMappingPoint lesserValue="255" equalValue="255" greaterValue="255" attrValue="2.13555971896232"/>
    </continuousMapping>
   </visualProperty>
   <visualProperty name="EDGE_UNSELECTED_PAINT" default="#404040"/>
   <visualProperty name="EDGE_VISIBLE" default="true"/>
   <visualProperty name="EDGE_WIDTH" default="2.0">
    <continuousMapping attributeType="float" attributeName="significantJaccard">
     <continuousMappingPoint lesserValue="1" equalValue="1" greaterValue="1" attrValue="0.00859106529209622"/>
     <continuousMappingPoint lesserValue="30" equalValue="30" greaterValue="30" attrValue="0.454352441613588"/>
    </continuousMapping>
   </visualProperty>
  </edge>
 </visualStyle>
</vizmap>
